project_id,username,projectNum
997067469,OliviaRodrigo3,20
997067436,himaknn,20
997067414,Yixuan13,20
997067392,airplanetreatment,20
997067363,fugateb,20
997067344,dindico,20
997067329,mrsysmariomadnessv2,20
997067273,zaku2fz,20
997067234,selin_konst,20
997067220,theonewhoknocks1002,20
997067201,Terudo,20
997067129,Meow_2015,20
997067122,MewFactor_2011,20
997067099,xype7,20
997067084,Bombo4ka52,20
997067064,Firee_Flyy,20
997067030,CommonCuttle,20
997067029,lillybobs17,20
997067028,R1v3rth3b34n,20
997066988,--TOMATE1000_ZAO--,20
997066941,-pop-tarrt-,20
997066910,chrisan000000,20
997066885,Acorn00021,20
997066870,SonicplusScratchMit,20
997066863,game2maker09192013,20
997066833,PTbluenotebook,20
997066824,scorbunny8990099,20
997066819,BaoDuyScratch,20
997066812,alfiegab_tv,20
997066808,mrsysmariomadnessv2,20
997066792,allexanderonroblox,20
997066740,Sratcher1984,20
997066717,henrik_the_war_guy,20
997066699,crystalstar_clan,20
997066688,This-Bob,20
997066658,patelha3,20
997066655,-VoltRemastered-,20
997066621,ynyuygu,20
997066529,earlham11,20
997066462,golden879,20
997066420,Blueboy726,20
997066387,MuddyMeta,20
997066380,-Cheese-noodles-,20
997066342,mrsysmariomadnessv2,20
997066332,The_Dino_God,20
997066328,MUDAMUDAMUDAMUDAMUD,20
997066315,yuxiang-tot,20
997066301,KuzeyDeniz1,20
997066273,Ruby-1111,20
997066266,crewslu2,20
997066234,Donks-9,20
997066221,TomiokaX,20
997066149,mousemaker888,20
997066126,walkerzim,20
997066090,Dexter_TheCoder,20
997066085,dogs34563456,20
997066084,JR2_alts928,20
997066076,Meow_2015,20
997066035,fugateb,20
997066031,LilyFishy1,20
997066013,Happytheangel,20
997066012,cs4753187,20
997066000,igipigi0916,20
997065989,--_Rubyheart_--,20
997065979,RayyanXHK,20
997065966,DREAM-MLG,20
997065961,SpongeBob20231,20
997065951,r3b3el,20
997065948,TomiokaX,20
997065942,Oofy_is_sussy,20
997065926,TrainLover3512,20
997065914,ExperimentalSanity,20
997065913,CodingM2311,20
997065895,angelqq-,20
997065890,Liniva08000,20
997065860,PureLunaris,20
997065845,TheMelonKid1005,20
997065838,brinly-animations,20
997065826,tc-dinhhoang,20
997065823,khazhinskym30,20
997065818,labodemirsbc,20
997065763,Pancake_AnimatesOFL,20
997065762,HaarisNoLongerGames,20
997065751,3banscode32,20
997065742,-PWG-Alt-,20
997065723,UnknownGf567,20
997065704,TomiokaX,20
997065677,nemo3011,20
997065668,Lore3921,20
997065632,KingSpeaker,20
997065626,CodingM2313,20
997065605,mrsysmariomadnessv2,20
997065602,teshani2014,20
997065593,SpongeBob20231,20
997065556,Fourteen140,20
997065552,Alex2Love,20
997065515,SNOWDRAGONV2,20
997065493,klaia_here,20
997065465,TomiokaX,20
997065415,B2dogs,20
997065383,cake120289,20
997065318,zaketuber,20
997065270,henrik_the_war_guy,20
997065255,susboycomixs2022,20
997065209,797536jv,20
997065193,gamerbranden,20
997065190,thanhphong3q1,20
997065189,JMK29,20
997065183,UziDoormen,20
997065136,duykhuong_cs34,20
997065108,TomiokaX,20
997065059,rldfanorsmth,20
997065055,ridgep3lt_,20
997065048,vtmc12345,20
997065040,SpongeBob20231,20
997065028,fugateb,20
997065016,patelha3,20
997064989,VeronTheGamer,20
997064981,CodingM237,20
997064941,Meow_2015,20
997064936,SANCHOXX,20
997064876,Pjawesome858,20
997064864,paj_real,20
997064863,abrantesasf,20
997064851,Graggle3638,20
997064769,MaryNip,20
997064756,mrsysmariomadnessv2,20
997064739,CelineAk,20
997064721,qawao,20
997064720,Kittylikes22,20
997064718,Liniva08000,20
997064692,haileybunny68,20
997064690,Ayasan2008,20
997064614,-Modemaker-,20
997064593,kevinthemighty,20
997064564,scorbunny8990099,20
997064556,infinity_person,20
997064551,haanhkhoa,20
997064534,Letsgames26,20
997064528,sansthemostop,20
997064497,danilodanishere,20
997064481,tobel-official,20
997064479,Lukemah2012,20
997064465,13gamerdarkcape,20
997064450,SpongeBob20231,20
997064383,elipotpot007,20
997064368,saul_saul,20
997064359,roboashley09,20
997064321,wer33e3333,20
997064313,Ashthing,20
997064310,TheBeachOF,20
997064299,mrsysmariomadnessv2,20
997064274,the66897217coding,20
997064246,fugateb,20
997064242,malloryfowler123,20
997064223,MrWarne,20
997064210,runact,20
997064160,slap_battlessweat,20
997064110,mAINLOL2,20
997064101,stephab123,20
997064088,discoverysnow,20
997064079,MewFactor_2011,20
997064065,SpongeBob20231,20
997064059,7nathaniel777,20
997064035,buggykelbel,20
997064027,Franconikolai,20
997064024,bearsac7,20
997064006,Mr_Prants,20
997064003,Silas914,20
997063982,Vikingsteach,20
997063973,eaglebeagle28,20
997063952,WolfyCiara123,20
997063948,kanapiyo1,20
997063915,Szymist,20
997063902,---Kanao,20
997063901,RONALDOTHEBEST12,20
997063893,bearsrw1,20
997063877,bearsjj2,20
997063867,GvYoutube,20
997063846,giraffek5,20
997063845,Micahmanmonkey,20
997063844,bearsjt,20
997063814,coolprogrammer99,20
997063811,anewaccountoflife,20
997063794,ProfMarcos27,20
997063791,Marshmallow012345678,20
997063790,horse21_,20
997063761,LUCYThE_fragon,20
997063737,nemo3011,20
997063721,ivancrafting,20
997063714,SkibidiHPB,20
997063695,MariaCaldera1,20
997063673,binhguku_2207,20
997063669,Honey_X_Lemony,20
997063567,Cong2014,20
997063564,grupazlipnika,20
997063555,sinnottr30,20
997063519,tst314,20
997063477,Kiddorriffic,20
997063468,funni_person1,20
997063465,SpongeBob20231,20
997063456,lovebat199,20
997063453,runact,20
997063438,potato_0301__,20
997063392,DaGameringDood,20
997063367,dogs34563456,20
997063365,gowaball_indonesia14,20
997063350,super-sonic3000,20
997063349,zackyworld902,20
997063328,jmancurlyfan83032,20
997063324,RaineTheOfWhisperer,20
997063322,WaffleDeeTheAwesome,20
997063315,greenyhacker,20
997063300,onthitinhoctren5,20
997063299,IPSX,20
997063289,timber_wolf12,20
997063280,odenigboc30,20
997063254,23_5A_Grey,20
997063251,CodingM2315,20
997063250,RED8120FOXKING,20
997063245,fre787dc,20
997063241,mokaemon,20
997063239,UziDoormen,20
997063210,mahathir81,20
997063203,milligand300,20
997063192,604sx,20
997063191,hollisterm30,20
997063179,henrik_the_war_guy,20
997063148,mccolgank30,20
997063125,anzalonen30,20
997063116,PeanutB657,20
997063113,watdoejij,20
997063101,JackPengYT,20
997063100,donovana30,20
997063091,Not_Kellan,20
997063082,SonicScrachMaster,20
997063070,MrMorris63,20
997063041,JAM58_Test,20
997063025,SNOWDRAGONV2,20
997062977,orumaitobeso,20
997062962,Happytheangel,20
997062940,Windows11forWin10,20
997062919,siperman337645,20
997062903,runact,20
997062899,BonesonScratch,20
997062892,jayz33,20
997062876,Sharathisback,20
997062809,SylveonGirl_12345,20
997062787,mrsysmariomadnessv2,20
997062775,MoodytheUnicornGirl,20
997062772,kirbyofthefuture,20
997062729,yerk234665,20
997062666,fsussa11,20
997062627,Happytheangel,20
997062615,-TechAnimates-,20
997062599,constanten30,20
997062564,TheLuciScratchUser,20
997062546,andyandrew2013,20
997062523,stevshel_marshall,20
997062512,Blue_sky675,20
997062436,Micahmanmonkey,20
997062431,GundamCoder240,20
997062405,chrisan000000,20
997062372,jinhuy,20
997062312,GrimmFoxy_012,20
997062275,dme134511,20
997062261,golden879,20
997062256,mrsysmariomadnessv2,20
997062213,PhucHuyK1,20
997062184,BerardiSTEM,20
997062113,ObliviousScratchUser,20
997062097,ys5918,20
997062076,---Kanao,20
997062064,TRUONGANT10,20
997062049,Jessica8099,20
997062033,chocolatefrogs13,20
997062021,students25,20
997062010,LyTinNTC,20
997061990,DominicIsNOTsus,20
997061936,Slatch12,20
997061913,xochitlgasca_,20
997061903,-scritchyscratchy-,20
997061865,Xilo_Gamer,20
997061858,TOTALDRAMA35641,20
997061821,sullivant30,20
997061792,liyliy9,20
997061751,gigant3261,20
997061750,SUPERHEROStar-Lord2,20
997061729,JackL2027,20
997061727,meglgh5,20
997061710,loganupup,20
997061694,---Kanao,20
997061692,bricknell4,20
997061665,jeffersonaguiar10,20
997061658,graysheepy,20
997061651,Rhelm03673,20
997061643,MinhD3tGM,20
997061637,AwesomeKitty772,20
997061628,sonic12sur,20
997061621,Badsquirrel34,20
997061551,llamalikes_banana,20
997061547,valeriorosadoj30,20
997061524,lauraalonsourkide,20
997061506,miguelgarciamendia12,20
997061504,SpongeBob20231,20
997061491,SNOWDRAGONV2,20
997061474,zeltar132526,20
997061470,21210002,20
997061466,Puppygal245,20
997061417,sansthemostop,20
997061395,ImHereForKromer,20
997061379,Ruby_RBF,20
997061335,Ciaraglitter,20
997061313,The_GTE,20
997061301,lordmario2020,20
997061296,Josephine_PLAYS,20
997061293,Moonboy8110,20
997061271,THE_FIEND_SB,20
997061243,wellmuniz,20
997061230,ALYUL,20
997061228,Meowchan_REAL,20
997061223,TheHummingSwordsman1,20
997061219,legofan208,20
997061212,izeisaenz,20
997061160,-31Logan31-,20
997061159,UziDoormen,20
997061120,Bossmanaiden_yt,20
997061095,golden879,20
997061078,StrawberryFox8,20
997061054,mrsysmariomadnessv2,20
997061047,tinkytubby,20
997061040,a1568987,20
997061021,ycps5a031,20
997060993,nguyenduckhai2013,20
997060977,swk_engieer,20
